"id","month_id","name"
"1","1","01"
"2","1","02"
"3","1","03"
"4","1","04"
"5","1","05"
"6","1","06"
"7","1","07"
"8","1","08"
"9","1","09"
"10","1","10"
"11","1","11"
"12","1","12"
"13","1","13"
"14","1","14"
"15","1","15"
"16","1","16"
"17","1","17"
"18","1","18"
"19","1","19"
"20","1","20"
"21","1","21"
"22","1","22"
"23","1","23"
"24","1","24"
"25","1","25"
"26","1","26"
"27","1","27"
"28","1","28"
"29","1","29"
"30","1","30"
"31","1","31"
"32","2","01"
"33","2","02"
"34","2","03"
"35","2","04"
"36","2","05"
"37","2","06"
"38","2","07"
"39","2","08"
"40","2","09"
"41","2","10"
"42","2","11"
"43","2","12"
"44","2","13"
"45","2","14"
"46","2","15"
"47","2","16"
"48","2","17"
"49","2","18"
"50","2","19"
"51","2","20"
"52","2","21"
"53","2","22"
"54","2","23"
"55","2","24"
"56","2","25"
"57","2","26"
"58","2","27"
"59","2","28"
"60","3","01"
"61","3","02"
"62","3","03"
"63","3","04"
"64","3","05"
"65","3","06"
"66","3","07"
"67","3","08"
"68","3","09"
"69","3","10"
"70","3","11"
"71","3","12"
"72","3","13"
"73","3","14"
"74","3","15"
"75","3","16"
"76","3","17"
"77","3","18"
"78","3","19"
"79","3","20"
"80","3","21"
"81","3","22"
"82","3","23"
"83","3","24"
"84","3","25"
"85","3","26"
"86","3","27"
"87","3","28"
"88","3","29"
"89","3","30"
"90","3","31"
"91","4","01"
"92","4","02"
"93","4","03"
"94","4","04"
"95","4","05"
"96","4","06"
"97","4","07"
"98","4","08"
"99","4","09"
"100","4","10"
"101","4","11"
"102","4","12"
"103","4","13"
"104","4","14"
"105","4","15"
"106","4","16"
"107","4","17"
"108","4","18"
"109","4","19"
"110","4","20"
"111","4","21"
"112","4","22"
"113","4","23"
"114","4","24"
"115","4","25"
"116","4","26"
"117","4","27"
"118","4","28"
"119","4","29"
"120","4","30"
"121","5","01"
"122","5","02"
"123","5","03"
"124","5","04"
"125","5","05"
"126","5","06"
"127","5","07"
"128","5","08"
"129","5","09"
"130","5","10"
"131","5","11"
"132","5","12"
"133","5","13"
"134","5","14"
"135","5","15"
"136","5","16"
"137","5","17"
"138","5","18"
"139","5","19"
"140","5","20"
"141","5","21"
"142","5","22"
"143","5","23"
"144","5","24"
"145","5","25"
"146","5","26"
"147","5","27"
"148","5","28"
"149","5","29"
"150","5","30"
"151","5","31"
"152","6","01"
"153","6","02"
"154","6","03"
"155","6","04"
"156","6","05"
"157","6","06"
"158","6","07"
"159","6","08"
"160","6","09"
"161","6","10"
"162","6","11"
"163","6","12"
"164","6","13"
"165","6","14"
"166","6","15"
"167","6","16"
"168","6","17"
"169","6","18"
"170","6","19"
"171","6","20"
"172","6","21"
"173","6","22"
"174","6","23"
"175","6","24"
"176","6","25"
"177","6","26"
"178","6","27"
"179","6","28"
"180","6","29"
"181","6","30"
"182","7","01"
"183","7","02"
"184","7","03"
"185","7","04"
"186","7","05"
"187","7","06"
"188","7","07"
"189","7","08"
"190","7","09"
"191","7","10"
"192","7","11"
"193","7","12"
"194","7","13"
"195","7","14"
"196","7","15"
"197","7","16"
"198","7","17"
"199","7","18"
"200","7","19"
"201","7","20"
"202","7","21"
"203","7","22"
"204","7","23"
"205","7","24"
"206","7","25"
"207","7","26"
"208","7","27"
"209","7","28"
"210","7","29"
"211","7","30"
"212","7","31"
"213","8","01"
"214","8","02"
"215","8","03"
"216","8","04"
"217","8","05"
"218","8","06"
"219","8","07"
"220","8","08"
"221","8","09"
"222","8","10"
"223","8","11"
"224","8","12"
"225","8","13"
"226","8","14"
"227","8","15"
"228","8","16"
"229","8","17"
"230","8","18"
"231","8","19"
"232","8","20"
"233","8","21"
"234","8","22"
"235","8","23"
"236","8","24"
"237","8","25"
"238","8","26"
"239","8","27"
"240","8","28"
"241","8","29"
"242","8","30"
"243","8","31"
"244","9","01"
"245","9","02"
"246","9","03"
"247","9","04"
"248","9","05"
"249","9","06"
"250","9","07"
"251","9","08"
"252","9","09"
"253","9","10"
"254","9","11"
"255","9","12"
"256","9","13"
"257","9","14"
"258","9","15"
"259","9","16"
"260","9","17"
"261","9","18"
"262","9","19"
"263","9","20"
"264","9","21"
"265","9","22"
"266","9","23"
"267","9","24"
"268","9","25"
"269","9","26"
"270","9","27"
"271","9","28"
"272","9","29"
"273","9","30"
"274","10","01"
"275","10","02"
"276","10","03"
"277","10","04"
"278","10","05"
"279","10","06"
"280","10","07"
"281","10","08"
"282","10","09"
"283","10","10"
"284","10","11"
"285","10","12"
"286","10","13"
"287","10","14"
"288","10","15"
"289","10","16"
"290","10","17"
"291","10","18"
"292","10","19"
"293","10","20"
"294","10","21"
"295","10","22"
"296","10","23"
"297","10","24"
"298","10","25"
"299","10","26"
"300","10","27"
"301","10","28"
"302","10","29"
"303","10","30"
"304","10","31"
"305","11","01"
"306","11","02"
"307","11","03"
"308","11","04"
"309","11","05"
"310","11","06"
"311","11","07"
"312","11","08"
"313","11","09"
"314","11","10"
"315","11","11"
"316","11","12"
"317","11","13"
"318","11","14"
"319","11","15"
"320","11","16"
"321","11","17"
"322","11","18"
"323","11","19"
"324","11","20"
"325","11","21"
"326","11","22"
"327","11","23"
"328","11","24"
"329","11","25"
"330","11","26"
"331","11","27"
"332","11","28"
"333","11","29"
"334","11","30"
"335","12","01"
"336","12","02"
"337","12","03"
"338","12","04"
"339","12","05"
"340","12","06"
"341","12","07"
"342","12","08"
"343","12","09"
"344","12","10"
"345","12","11"
"346","12","12"
"347","12","13"
"348","12","14"
"349","12","15"
"350","12","16"
"351","12","17"
"352","12","18"
"353","12","19"
"354","12","20"
"355","12","21"
"356","12","22"
"357","12","23"
"358","12","24"
"359","12","25"
"360","12","26"
"361","12","27"
"362","12","28"
"363","12","29"
"364","12","30"
"365","12","31"
"366","13","01"
"367","13","02"
"368","13","03"
"369","13","04"
"370","13","05"
"371","13","06"
"372","13","07"
"373","13","08"
"374","13","09"
"375","13","10"
"376","13","11"
"377","13","12"
"378","13","13"
"379","13","14"
"380","13","15"
"381","13","16"
"382","13","17"
"383","13","18"
"384","13","19"
"385","13","20"
"386","13","21"
"387","13","22"
"388","13","23"
"389","13","24"
"390","13","25"
"391","13","26"
"392","13","27"
"393","13","28"
"394","13","29"
"395","13","30"
"396","13","31"
"397","14","01"
"398","14","02"
"399","14","03"
"400","14","04"
"401","14","05"
"402","14","06"
"403","14","07"
"404","14","08"
"405","14","09"
"406","14","10"
"407","14","11"
"408","14","12"
"409","14","13"
"410","14","14"
"411","14","15"
"412","14","16"
"413","14","17"
"414","14","18"
"415","14","19"
"416","14","20"
"417","14","21"
"418","14","22"
"419","14","23"
"420","14","24"
"421","14","25"
"422","14","26"
"423","14","27"
"424","14","28"
"425","15","01"
"426","15","02"
"427","15","03"
"428","15","04"
"429","15","05"
"430","15","06"
"431","15","07"
"432","15","08"
"433","15","09"
"434","15","10"
"435","15","11"
"436","15","12"
"437","15","13"
"438","15","14"
"439","15","15"
"440","15","16"
"441","15","17"
"442","15","18"
"443","15","19"
"444","15","20"
"445","15","21"
"446","15","22"
"447","15","23"
"448","15","24"
"449","15","25"
"450","15","26"
"451","15","27"
"452","15","28"
"453","15","29"
"454","15","30"
"455","15","31"
"456","16","01"
"457","16","02"
"458","16","03"
"459","16","04"
"460","16","05"
"461","16","06"
"462","16","07"
"463","16","08"
"464","16","09"
"465","16","10"
"466","16","11"
"467","16","12"
"468","16","13"
"469","16","14"
"470","16","15"
"471","16","16"
"472","16","17"
"473","16","18"
"474","16","19"
"475","16","20"
"476","16","21"
"477","16","22"
"478","16","23"
"479","16","24"
"480","16","25"
"481","16","26"
"482","16","27"
"483","16","28"
"484","16","29"
"485","16","30"
"486","17","01"
"487","17","02"
"488","17","03"
"489","17","04"
"490","17","05"
"491","17","06"
"492","17","07"
"493","17","08"
"494","17","09"
"495","17","10"
"496","17","11"
"497","17","12"
"498","17","13"
"499","17","14"
"500","17","15"
"501","17","16"
"502","17","17"
"503","17","18"
"504","17","19"
"505","17","20"
"506","17","21"
"507","17","22"
"508","17","23"
"509","17","24"
"510","17","25"
"511","17","26"
"512","17","27"
"513","17","28"
"514","17","29"
"515","17","30"
"516","17","31"
"517","18","01"
"518","18","02"
"519","18","03"
"520","18","04"
"521","18","05"
"522","18","06"
"523","18","07"
"524","18","08"
"525","18","09"
"526","18","10"
"527","18","11"
"528","18","12"
"529","18","13"
"530","18","14"
"531","18","15"
"532","18","16"
"533","18","17"
"534","18","18"
"535","18","19"
"536","18","20"
"537","18","21"
"538","18","22"
"539","18","23"
"540","18","24"
"541","18","25"
"542","18","26"
"543","18","27"
"544","18","28"
"545","18","29"
"546","18","30"
"547","19","01"
"548","19","02"
"549","19","03"
"550","19","04"
"551","19","05"
"552","19","06"
"553","19","07"
"554","19","08"
"555","19","09"
"556","19","10"
"557","19","11"
"558","19","12"
"559","19","13"
"560","19","14"
"561","19","15"
"562","19","16"
"563","19","17"
"564","19","18"
"565","19","19"
"566","19","20"
"567","19","21"
"568","19","22"
"569","19","23"
"570","19","24"
"571","19","25"
"572","19","26"
"573","19","27"
"574","19","28"
"575","19","29"
"576","19","30"
"577","19","31"
"578","20","01"
"579","20","02"
"580","20","03"
"581","20","04"
"582","20","05"
"583","20","06"
"584","20","07"
"585","20","08"
"586","20","09"
"587","20","10"
"588","20","11"
"589","20","12"
"590","20","13"
"591","20","14"
"592","20","15"
"593","20","16"
"594","20","17"
"595","20","18"
"596","20","19"
"597","20","20"
"598","20","21"
"599","20","22"
"600","20","23"
"601","20","24"
"602","20","25"
"603","20","26"
"604","20","27"
"605","20","28"
"606","20","29"
"607","20","30"
"608","20","31"
"609","21","01"
"610","21","02"
"611","21","03"
"612","21","04"
"613","21","05"
"614","21","06"
"615","21","07"
"616","21","08"
"617","21","09"
"618","21","10"
"619","21","11"
"620","21","12"
"621","21","13"
"622","21","14"
"623","21","15"
"624","21","16"
"625","21","17"
"626","21","18"
"627","21","19"
"628","21","20"
"629","21","21"
"630","21","22"
"631","21","23"
"632","21","24"
"633","21","25"
"634","21","26"
"635","21","27"
"636","21","28"
"637","21","29"
"638","21","30"
"639","22","01"
"640","22","02"
"641","22","03"
"642","22","04"
"643","22","05"
"644","22","06"
"645","22","07"
"646","22","08"
"647","22","09"
"648","22","10"
"649","22","11"
"650","22","12"
"651","22","13"
"652","22","14"
"653","22","15"
"654","22","16"
"655","22","17"
"656","22","18"
"657","22","19"
"658","22","20"
"659","22","21"
"660","22","22"
"661","22","23"
"662","22","24"
"663","22","25"
"664","22","26"
"665","22","27"
"666","22","28"
"667","22","29"
"668","22","30"
"669","22","31"
"670","23","01"
"671","23","02"
"672","23","03"
"673","23","04"
"674","23","05"
"675","23","06"
"676","23","07"
"677","23","08"
"678","23","09"
"679","23","10"
"680","23","11"
"681","23","12"
"682","23","13"
"683","23","14"
"684","23","15"
"685","23","16"
"686","23","17"
"687","23","18"
"688","23","19"
"689","23","20"
"690","23","21"
"691","23","22"
"692","23","23"
"693","23","24"
"694","23","25"
"695","23","26"
"696","23","27"
"697","23","28"
"698","23","29"
"699","23","30"
"700","24","01"
"701","24","02"
"702","24","03"
"703","24","04"
"704","24","05"
"705","24","06"
"706","24","07"
"707","24","08"
"708","24","09"
"709","24","10"
"710","24","11"
"711","24","12"
"712","24","13"
"713","24","14"
"714","24","15"
"715","24","16"
"716","24","17"
"717","24","18"
"718","24","19"
"719","24","20"
"720","24","21"
"721","24","22"
"722","24","23"
"723","24","24"
"724","24","25"
"725","24","26"
"726","24","27"
"727","24","28"
"728","24","29"
"729","24","30"
"730","24","31"
"731","25","01"
"732","25","02"
"733","25","03"
"734","25","04"
"735","25","05"
"736","25","06"
"737","25","07"
"738","25","08"
"739","25","09"
"740","25","10"
"741","25","11"
"742","25","12"
"743","25","13"
"744","25","14"
"745","25","15"
"746","25","16"
"747","25","17"
"748","25","18"
"749","25","19"
"750","25","20"
"751","25","21"
"752","25","22"
"753","25","23"
"754","25","24"
"755","25","25"
"756","25","26"
"757","25","27"
"758","25","28"
"759","25","29"
"760","25","30"
"761","25","31"
"762","26","01"
"763","26","02"
"764","26","03"
"765","26","04"
"766","26","05"
"767","26","06"
"768","26","07"
"769","26","08"
"770","26","09"
"771","26","10"
"772","26","11"
"773","26","12"
"774","26","13"
"775","26","14"
"776","26","15"
"777","26","16"
"778","26","17"
"779","26","18"
"780","26","19"
"781","26","20"
"782","26","21"
"783","26","22"
"784","26","23"
"785","26","24"
"786","26","25"
"787","26","26"
"788","26","27"
"789","26","28"
"790","27","01"
"791","27","02"
"792","27","03"
"793","27","04"
"794","27","05"
"795","27","06"
"796","27","07"
"797","27","08"
"798","27","09"
"799","27","10"
"800","27","11"
"801","27","12"
"802","27","13"
"803","27","14"
"804","27","15"
"805","27","16"
"806","27","17"
"807","27","18"
"808","27","19"
"809","27","20"
"810","27","21"
"811","27","22"
"812","27","23"
"813","27","24"
"814","27","25"
"815","27","26"
"816","27","27"
"817","27","28"
"818","27","29"
"819","27","30"
"820","27","31"
"821","28","01"
"822","28","02"
"823","28","03"
"824","28","04"
"825","28","05"
"826","28","06"
"827","28","07"
"828","28","08"
"829","28","09"
"830","28","10"
"831","28","11"
"832","28","12"
"833","28","13"
"834","28","14"
"835","28","15"
"836","28","16"
"837","28","17"
"838","28","18"
"839","28","19"
"840","28","20"
"841","28","21"
"842","28","22"
"843","28","23"
"844","28","24"
"845","28","25"
"846","28","26"
"847","28","27"
"848","28","28"
"849","28","29"
"850","28","30"
"851","29","01"
"852","29","02"
"853","29","03"
"854","29","04"
"855","29","05"
"856","29","06"
"857","29","07"
"858","29","08"
"859","29","09"
"860","29","10"
"861","29","11"
"862","29","12"
"863","29","13"
"864","29","14"
"865","29","15"
"866","29","16"
"867","29","17"
"868","29","18"
"869","29","19"
"870","29","20"
"871","29","21"
"872","29","22"
"873","29","23"
"874","29","24"
"875","29","25"
"876","29","26"
"877","29","27"
"878","29","28"
"879","29","29"
"880","29","30"
"881","29","31"
"882","30","01"
"883","30","02"
"884","30","03"
"885","30","04"
"886","30","05"
"887","30","06"
"888","30","07"
"889","30","08"
"890","30","09"
"891","30","10"
"892","30","11"
"893","30","12"
"894","30","13"
"895","30","14"
"896","30","15"
"897","30","16"
"898","30","17"
"899","30","18"
"900","30","19"
"901","30","20"
"902","30","21"
"903","30","22"
"904","30","23"
"905","30","24"
"906","30","25"
"907","30","26"
"908","30","27"
"909","30","28"
"910","30","29"
"911","30","30"
"912","31","01"
"913","31","02"
"914","31","03"
"915","31","04"
"916","31","05"
"917","31","06"
"918","31","07"
"919","31","08"
"920","31","09"
"921","31","10"
"922","31","11"
"923","31","12"
"924","31","13"
"925","31","14"
"926","31","15"
"927","31","16"
"928","31","17"
"929","31","18"
"930","31","19"
"931","31","20"
"932","31","21"
"933","31","22"
"934","31","23"
"935","31","24"
"936","31","25"
"937","31","26"
"938","31","27"
"939","31","28"
"940","31","29"
"941","31","30"
"942","31","31"
"943","32","01"
"944","32","02"
"945","32","03"
"946","32","04"
"947","32","05"
"948","32","06"
"949","32","07"
"950","32","08"
"951","32","09"
"952","32","10"
"953","32","11"
"954","32","12"
"955","32","13"
"956","32","14"
"957","32","15"
"958","32","16"
"959","32","17"
"960","32","18"
"961","32","19"
"962","32","20"
"963","32","21"
"964","32","22"
"965","32","23"
"966","32","24"
"967","32","25"
"968","32","26"
"969","32","27"
"970","32","28"
"971","32","29"
"972","32","30"
"973","32","31"
"974","33","01"
"975","33","02"
"976","33","03"
"977","33","04"
"978","33","05"
"979","33","06"
"980","33","07"
"981","33","08"
"982","33","09"
"983","33","10"
"984","33","11"
"985","33","12"
"986","33","13"
"987","33","14"
"988","33","15"
"989","33","16"
"990","33","17"
"991","33","18"
"992","33","19"
"993","33","20"
"994","33","21"
"995","33","22"
"996","33","23"
"997","33","24"
"998","33","25"
"999","33","26"
"1000","33","27"
"1001","33","28"
"1002","33","29"
"1003","33","30"
"1004","34","01"
"1005","34","02"
"1006","34","03"
"1007","34","04"
"1008","34","05"
"1009","34","06"
"1010","34","07"
"1011","34","08"
"1012","34","09"
"1013","34","10"
"1014","34","11"
"1015","34","12"
"1016","34","13"
"1017","34","14"
"1018","34","15"
"1019","34","16"
"1020","34","17"
"1021","34","18"
"1022","34","19"
"1023","34","20"
"1024","34","21"
"1025","34","22"
"1026","34","23"
"1027","34","24"
"1028","34","25"
"1029","34","26"
"1030","34","27"
"1031","34","28"
"1032","34","29"
"1033","34","30"
"1034","34","31"
"1035","35","01"
"1036","35","02"
"1037","35","03"
"1038","35","04"
"1039","35","05"
"1040","35","06"
"1041","35","07"
"1042","35","08"
"1043","35","09"
"1044","35","10"
"1045","35","11"
"1046","35","12"
"1047","35","13"
"1048","35","14"
"1049","35","15"
"1050","35","16"
"1051","35","17"
"1052","35","18"
"1053","35","19"
"1054","35","20"
"1055","35","21"
"1056","35","22"
"1057","35","23"
"1058","35","24"
"1059","35","25"
"1060","35","26"
"1061","35","27"
"1062","35","28"
"1063","35","29"
"1064","35","30"
"1065","36","01"
"1066","36","02"
"1067","36","03"
"1068","36","04"
"1069","36","05"
"1070","36","06"
"1071","36","07"
"1072","36","08"
"1073","36","09"
"1074","36","10"
"1075","36","11"
"1076","36","12"
"1077","36","13"
"1078","36","14"
"1079","36","15"
"1080","36","16"
"1081","36","17"
"1082","36","18"
"1083","36","19"
"1084","36","20"
"1085","36","21"
"1086","36","22"
"1087","36","23"
"1088","36","24"
"1089","36","25"
"1090","36","26"
"1091","36","27"
"1092","36","28"
"1093","36","29"
"1094","36","30"
"1095","36","31"
"1096","37","01"
"1097","37","02"
"1098","37","03"
"1099","37","04"
"1100","37","05"
"1101","37","06"
"1102","37","07"
"1103","37","08"
"1104","37","09"
"1105","37","10"
"1106","37","11"
"1107","37","12"
"1108","37","13"
"1109","37","14"
"1110","37","15"
"1111","37","16"
"1112","37","17"
"1113","37","18"
"1114","37","19"
"1115","37","20"
"1116","37","21"
"1117","37","22"
"1118","37","23"
"1119","37","24"
"1120","37","25"
"1121","37","26"
"1122","37","27"
"1123","37","28"
"1124","37","29"
"1125","37","30"
"1126","37","31"
"1127","38","01"
"1128","38","02"
"1129","38","03"
"1130","38","04"
"1131","38","05"
"1132","38","06"
"1133","38","07"
"1134","38","08"
"1135","38","09"
"1136","38","10"
"1137","38","11"
"1138","38","12"
"1139","38","13"
"1140","38","14"
"1141","38","15"
"1142","38","16"
"1143","38","17"
"1144","38","18"
"1145","38","19"
"1146","38","20"
"1147","38","21"
"1148","38","22"
"1149","38","23"
"1150","38","24"
"1151","38","25"
"1152","38","26"
"1153","38","27"
"1154","38","28"
"1155","38","29"
"1156","39","01"
"1157","39","02"
"1158","39","03"
"1159","39","04"
"1160","39","05"
"1161","39","06"
"1162","39","07"
"1163","39","08"
"1164","39","09"
"1165","39","10"
"1166","39","11"
"1167","39","12"
"1168","39","13"
"1169","39","14"
"1170","39","15"
"1171","39","16"
"1172","39","17"
"1173","39","18"
"1174","39","19"
"1175","39","20"
"1176","39","21"
"1177","39","22"
"1178","39","23"
"1179","39","24"
"1180","39","25"
"1181","39","26"
"1182","39","27"
"1183","39","28"
"1184","39","29"
"1185","39","30"
"1186","39","31"
"1187","40","01"
"1188","40","02"
"1189","40","03"
"1190","40","04"
"1191","40","05"
"1192","40","06"
"1193","40","07"
"1194","40","08"
"1195","40","09"
"1196","40","10"
"1197","40","11"
"1198","40","12"
"1199","40","13"
"1200","40","14"
"1201","40","15"
"1202","40","16"
"1203","40","17"
"1204","40","18"
"1205","40","19"
"1206","40","20"
"1207","40","21"
"1208","40","22"
"1209","40","23"
"1210","40","24"
"1211","40","25"
"1212","40","26"
"1213","40","27"
"1214","40","28"
"1215","40","29"
"1216","40","30"
"1217","41","01"
"1218","41","02"
"1219","41","03"
"1220","41","04"
"1221","41","05"
"1222","41","06"
"1223","41","07"
"1224","41","08"
"1225","41","09"
"1226","41","10"
"1227","41","11"
"1228","41","12"
"1229","41","13"
"1230","41","14"
"1231","41","15"
"1232","41","16"
"1233","41","17"
"1234","41","18"
"1235","41","19"
"1236","41","20"
"1237","41","21"
"1238","41","22"
"1239","41","23"
"1240","41","24"
"1241","41","25"
"1242","41","26"
"1243","41","27"
"1244","41","28"
"1245","41","29"
"1246","41","30"
"1247","41","31"
"1248","42","01"
"1249","42","02"
"1250","42","03"
"1251","42","04"
"1252","42","05"
"1253","42","06"
"1254","42","07"
"1255","42","08"
"1256","42","09"
"1257","42","10"
"1258","42","11"
"1259","42","12"
"1260","42","13"
"1261","42","14"
"1262","42","15"
"1263","42","16"
"1264","42","17"
"1265","42","18"
"1266","42","19"
"1267","42","20"
"1268","42","21"
"1269","42","22"
"1270","42","23"
"1271","42","24"
"1272","42","25"
"1273","42","26"
"1274","42","27"
"1275","42","28"
"1276","42","29"
"1277","42","30"
"1278","43","01"
"1279","43","02"
"1280","43","03"
"1281","43","04"
"1282","43","05"
"1283","43","06"
"1284","43","07"
"1285","43","08"
"1286","43","09"
"1287","43","10"
"1288","43","11"
"1289","43","12"
"1290","43","13"
"1291","43","14"
"1292","43","15"
"1293","43","16"
"1294","43","17"
"1295","43","18"
"1296","43","19"
"1297","43","20"
"1298","43","21"
"1299","43","22"
"1300","43","23"
"1301","43","24"
"1302","43","25"
"1303","43","26"
"1304","43","27"
"1305","43","28"
"1306","43","29"
"1307","43","30"
"1308","43","31"
"1309","44","01"
"1310","44","02"
"1311","44","03"
"1312","44","04"
"1313","44","05"
"1314","44","06"
"1315","44","07"
"1316","44","08"
"1317","44","09"
"1318","44","10"
"1319","44","11"
"1320","44","12"
"1321","44","13"
"1322","44","14"
"1323","44","15"
"1324","44","16"
"1325","44","17"
"1326","44","18"
"1327","44","19"
"1328","44","20"
"1329","44","21"
"1330","44","22"
"1331","44","23"
"1332","44","24"
"1333","44","25"
"1334","44","26"
"1335","44","27"
"1336","44","28"
"1337","44","29"
"1338","44","30"
"1339","44","31"
"1340","45","01"
"1341","45","02"
"1342","45","03"
"1343","45","04"
"1344","45","05"
"1345","45","06"
"1346","45","07"
"1347","45","08"
"1348","45","09"
"1349","45","10"
"1350","45","11"
"1351","45","12"
"1352","45","13"
"1353","45","14"
"1354","45","15"
"1355","45","16"
"1356","45","17"
"1357","45","18"
"1358","45","19"
"1359","45","20"
"1360","45","21"
"1361","45","22"
"1362","45","23"
"1363","45","24"
"1364","45","25"
"1365","45","26"
"1366","45","27"
"1367","45","28"
"1368","45","29"
"1369","45","30"
"1370","46","01"
"1371","46","02"
"1372","46","03"
"1373","46","04"
"1374","46","05"
"1375","46","06"
"1376","46","07"
"1377","46","08"
"1378","46","09"
"1379","46","10"
"1380","46","11"
"1381","46","12"
"1382","46","13"
"1383","46","14"
"1384","46","15"
"1385","46","16"
"1386","46","17"
"1387","46","18"
"1388","46","19"
"1389","46","20"
"1390","46","21"
"1391","46","22"
"1392","46","23"
"1393","46","24"
"1394","46","25"
"1395","46","26"
"1396","46","27"
"1397","46","28"
"1398","46","29"
"1399","46","30"
"1400","46","31"
"1401","47","01"
"1402","47","02"
"1403","47","03"
"1404","47","04"
"1405","47","05"
"1406","47","06"
"1407","47","07"
"1408","47","08"
"1409","47","09"
"1410","47","10"
"1411","47","11"
"1412","47","12"
"1413","47","13"
"1414","47","14"
"1415","47","15"
"1416","47","16"
"1417","47","17"
"1418","47","18"
"1419","47","19"
"1420","47","20"
"1421","47","21"
"1422","47","22"
"1423","47","23"
"1424","47","24"
"1425","47","25"
"1426","47","26"
"1427","47","27"
"1428","47","28"
"1429","47","29"
"1430","47","30"
"1431","48","01"
"1432","48","02"
"1433","48","03"
"1434","48","04"
"1435","48","05"
"1436","48","06"
"1437","48","07"
"1438","48","08"
"1439","48","09"
"1440","48","10"
"1441","48","11"
"1442","48","12"
"1443","48","13"
"1444","48","14"
"1445","48","15"
"1446","48","16"
"1447","48","17"
"1448","48","18"
"1449","48","19"
"1450","48","20"
"1451","48","21"
"1452","48","22"
"1453","48","23"
"1454","48","24"
"1455","48","25"
"1456","48","26"
"1457","48","27"
"1458","48","28"
"1459","48","29"
"1460","48","30"
"1461","48","31"
